testuser@sentimail.local testuser@sentimail.local
adam@sentimail.local adam@sentimail.local
mia@sentimail.local mia@sentimail.local
tal@sentimail.local tal@sentimail.local 
gal.shirizli@sentimail.local gal.shirizli@sentimail.local
madarnatan@sentimail.local madarnatan@sentimail.local
miawoolfson@sentimail.local miawoolfson@sentimail.local
adibrodeski01@sentimail.local adibrodeski01@sentimail.local
gal@sentimail.local gal@sentimail.local
natan@sentimail.local natan@sentimail.local
try@sentimail.local try@sentimail.local
try2@sentimail.local try2@sentimail.local
try3@sentimail.local try3@sentimail.local
try4@sentimail.local try4@sentimail.local
try5@sentimail.local try5@sentimail.local
try6@sentimail.local try6@sentimail.local
alex.levi@sentimail.local alex.levi@sentimail.local
maria.cohen@sentimail.local maria.cohen@sentimail.local